"timeout,https://santafe.local/corporate-relocation/corporate-form/,https://santafe.local/global-privacy-policy/,Privacy Statement"
"timeout,https://santafe.local/keep-me-informed/, https://santafe.local/global-privacy-policy/   ,Privacy Statement"
"404,https://santafe.local/mobility-insights/global-mobility-survey/global-mobility-survey-2020-21-repurpose-challenging-change/,https://santafe.local/mobility-insights/global-mobility-survey/report-global-mobility-survey-2020-21-repurpose-challenging-change/ ,Download the full report"
"404,https://santafe.local/mobility-insights/global-mobility-survey/global-mobility-survey-2020-21-repurpose-challenging-change/,https://santafe.local/mobility-insights/webinar/2020-21-global-mobility-survey-key-findings/,Live webinar: 2020/21 Global Mobility Survey�Key findin"
"bad host,https://santafe.local/corporate-relocation/moving-services/home-removals/,http://x,Contact us"
"bad host,https://santafe.local/corporate-relocation/moving-services/move-management/,http://x,Contact us"
"404,https://santafe.local/mobility-insights/white-papers/,https://santafe.local/keep-me-informed/global-mobility-and-immigration-insights/,Subscribe"
"404,https://santafe.local/contact/our-offices/india-bangalore/,https://santafe.local/storage-in-london/,secure storage &amp; warehousing service"
"404,https://santafe.local/contact/our-offices/india-chennai/ ,https://santafe.local/storage-in-london/,secure storage &amp; warehousing service"
"404,https://santafe.local/contact/our-offices/india-delhi/ ,https://santafe.local/storage-in-london/,secure storage &amp; warehousing service"
"404,https://santafe.local/contact/our-offices/india-hyderabad/,https://santafe.local/storage-in-london/,secure storage &amp; warehousing service"
"404,https://santafe.local/contact/our-offices/india-kolkata/,https://santafe.local/storage-in-london/,secure storage &amp; warehousing service"
"404,https://santafe.local/contact/our-offices/india-mumbai/,https://santafe.local/storage-in-london/,secure storage &amp; warehousing service"
"404,https://santafe.local/contact/our-offices/india-pune/ ,https://santafe.local/storage-in-london/,secure storage &amp; warehousing service"
"bad host,https://santafe.local/corporate-relocation/destination-services/concierge-services/,http://x,location guides"
"bad host,https://santafe.local/corporate-relocation/destination-services/home-search/,http://x,location guides"
"bad host,https://santafe.local/corporate-relocation/destination-services/education/,http://x,location guides"
"bad host,https://santafe.local/corporate-relocation/destination-services/settling-in-services/,http://x,location guides"
"bad host,https://santafe.local/corporate-relocation/destination-services/education/,http://xx/,Contact us about our training programmes"
"bad host,https://santafe.local/corporate-relocation/destination-services/settling-in-services/,http://xx/,Contact us to learn more about local registrations"
"404,https://santafe.local/corporate-relocation/destination-guides/moving-to-austria/,https://www.sozialministerium.at/Informationen-zum-Coronavirus/Coronavirus---Aktuelle-Ma%C3%9Fnahmen.html,website"
"404,https://santafe.local/corporate-relocation/destination-guides/moving-to-austria/,https://www.austria.info/service-and-facts/coronavirus-information,website of the National Tourism Agency."
"404,https://santafe.local/mobility-insights/global-mobility-survey/global-mobility-survey-2020-21-repurpose-challenging-change/,https://santafe.local/keep-me-informed/global-mobility-and-immigration-insights/,Subscribe"
"404,https://santafe.local/moving/news-and-blog/the-best-countries-for-a-career-in-nursing/,https://www.nursingcareersaustralia.com/nursing-careers/how-do-i-become-a-nurse-in-australia/,recruitment drive"
"404,https://santafe.local/moving/news-and-blog/page/22/,https://santafe.local/moving/news-and-blog/page/23/,&#10095;"
"404,https://santafe.local/mobility-insights/global-mobility-survey/,https://santafe.local/mobility-insights/global-mobility-survey/global-mobility-survey-2019-mobility-through-the-looking-glass/pre-order-your-copy-of-the-report/,Download"
"404,https://santafe.local/mobility-insights/global-mobility-survey/,https://santafe.local/keep-me-informed/global-mobility-and-immigration-insights/,Subscribe"
"404,https://santafe.local/corporate-relocation/destination-guides/moving-to-australia/,https://santafe.local/destination-guides/moving-to-australia/santa-fe-relocation-is-partnering-with-the-commonwealth-bank-of-australia/, partnership with Commonwealth Bank Australia"
"404,https://santafe.local/mobility-insights/webinar/redefine-global-mobility-survey-2021-2022/,https://santafe.local/mobility-insights/global-mobility-survey/redefine-global-mobility-survey-2021-2022/,REDEFINE: Global Mobility Survey report 2021/22"
"404,https://santafe.local/mobility-insights/webinar/redefine-global-mobility-survey-2021-2022/,https://santafe.local/mobility-insights/global-mobility-survey/redefine-global-mobility-survey-2021-2022/,REDEFINE: Global Mobility Survey 2021/2022 � Download t"
"404,https://santafe.local/mobility-insights/webinar/video-redefine-global-mobility-survey-2021-2022-key-findings-and-insights/,https://santafe.local/mobility-insights/global-mobility-survey/redefine-global-mobility-survey-2021-2022/,Global Mobility Survey report 2021/22"
"404,https://santafe.local/mobility-insights/webinar/video-redefine-global-mobility-survey-2021-2022-key-findings-and-insights/,https://santafe.local/mobility-insights/global-mobility-survey/redefine-global-mobility-survey-2021-2022/,REDEFINE: Global Mobility Survey 2021/2022 � Download t"
"404,https://santafe.local/moving/news-and-blog/top-5-foods-in-france/,https://santafe.local/country/moving-to-france/,Moving to France"
"404,https://santafe.local/moving/news-and-blog/top-5-foods-in-germany/,https://santafe.local/country/moving-to-germany/,moving to Germany"
"404,https://santafe.local/moving/news-and-blog/top-5-foods-in-austria/,https://santafe.local/country/moving-to-austria/,Moving to Austria"
"404,https://santafe.local/moving/news-and-blog/shipping-and-transport-update-july-2021/,https://data.undp.org/content/global-recovery-observatory/,UNDP.org"
"404,https://santafe.local/moving/news-and-blog/top-5-place-to-see-cherry-blossom-in-tokyo/,https://santafe.local/country/moving-to-japan/,Moving to Japan"
"404,https://santafe.local/moving/news-and-blog/essential-shopping-and-cafe-guide-for-ho-chi-minh-city/,https://santafe.local/country/moving-to-vietnam/,Moving to Vietnam?"
"404,https://santafe.local/moving/news-and-blog/how-much-will-it-cost-to-live-in-india/,https://santafe.local/country/moving-to-india/,Moving to India"
"404,https://santafe.local/moving/news-and-blog/the-weird-and-wonderful-futuro-villian-in-taiwan/,https://santafe.local/country/moving-to-taiwan/,Moving to Taiwan"
"404,https://santafe.local/moving/news-and-blog/the-top-5-restaurants-in-ho-chi-minh-city/,https://santafe.local/country/moving-to-vietnam/,Moving to Vietnam�"
"404,https://santafe.local/corporate-relocation/resources/news/relocation-hr-issues-and-employment-law/,https://santafe.local/gb/corporate-relocation/home,�corporate"
"404,https://santafe.local/corporate-relocation/resources/news/relocation-hr-issues-and-employment-law/,https://santafe.local/gb/relocating-myself/home,consumer relocation"
"404,https://santafe.local/corporate-relocation/resources/news/top-5-considerations-when-writing-the-best-relocation-policy-for-your-business/,https://santafe.local/gb/corporate-relocation/home,corporate relocation services"
"404,https://santafe.local/corporate-relocation/resources/news/expat-schooling-in-thailand/,https://santafe.local/gb/relocating-myself/relocation-services-school-search,our school search service"
"404,https://santafe.local/corporate-relocation/resources/news/business-culture-etiquette-in-the-uae-qatar/,https://santafe.local/country/moving-to-united-arab-emirates/,relocating to the UAE"
"404,https://santafe.local/corporate-relocation/resources/news/business-culture-etiquette-in-the-uae-qatar/,https://santafe.local/country/moving-to-qatar/,or Qatar"
"404,https://santafe.local/corporate-relocation/resources/news/business-culture-etiquette-in-the-uae-qatar/,https://santafe.local/news-and-blog/Moving-to-the-UAE,moving to the UAE"
"404,https://santafe.local/corporate-relocation/resources/news/business-culture-etiquette-in-the-uae-qatar/,https://santafe.local/global-coverage/amea/office/doha,contact a member of our local team"
"404,https://santafe.local/corporate-relocation/resources/news/new-zealand-and-the-great-north-vs-south-debate/,https://santafe.local/corporate-relocation/custom-guides-and-forms/new-zealand-customs-declaration-forms-immigration-guides/,Moving to New Zealand"
"404,https://santafe.local/corporate-relocation/resources/news/is-lisbon-going-to-be-the-european-counterpart-of-san-francisco/,https://www.britannica.com/topic/Financial-Crisis-of-2008-The-1484264,the financial crisis of 2008"
"404,https://santafe.local/corporate-relocation/resources/news/is-lisbon-going-to-be-the-european-counterpart-of-san-francisco/,http://www.startuplisboa.com/hub-criativo-beato/,Hub Criativo do Beato"
"404,https://santafe.local/corporate-relocation/resources/news/most-high-tech-cities-in-the-world/,https://santafe.local/country/moving-to-japan/,Tokyo<COMMA> Japan"
"bad host,https://santafe.local/corporate-relocation/resources/news/moving-to-america-how-to-enter-the-green-card-lottery/,https://www.dvlottery.state.gov/,Department of State"
"404,https://santafe.local/corporate-relocation/resources/news/the-right-way-to-manage-expats/,https://santafe.local/gb/corporate-relocation/home,Corporate Relocation"
"404,https://santafe.local/cn/,https://santafelang.wpengine.com/en,IMAGE alt = Santa Fe Logo"
"404,https://santafe.local/cn/campaigns/moving-services-cn/moving-cn/,https://santafe.local/about-us-2/governance-ownership/,Governance &#038; ownership"
"404,https://santafe.local/cn/local-moving/,https://santafe.local/about-us-2/governance-ownership/,Governance &#038; ownership"
"404,https://santafe.local/cn/international-moving/,https://santafe.local/about-us-2/governance-ownership/,Governance &#038; ownership"
"404,https://santafe.local/cn/campaigns/moving-services-cn/moving-cn/,https://santafe.local/corporate-relocation/consulting-services/,Consulting services"
"404,https://santafe.local/cn/campaigns/moving-services-cn/moving-cn/,https://santafe.local/corporate-relocation/relocation-and-destination-services/,Relocation and destination services"
"404,https://santafe.local/cn/campaigns/moving-services-cn/moving-cn/,https://santafe.local/corporate-relocation/business-visa-and-immigration/,Business visa and immigration"
"404,https://santafe.local/visa/work-permit/,https://santafe.local/visa/work-permit/work-permit-form/,Apply now"
"404,https://santafe.local/visa/work-permit/,https://santafe.local/visa/work-permit/work-permit-form/,Apply now"
"404,https://santafe.local/visa/permanent-residence/,https://santafe.local/visa/permanent-residence/permanent-residence-form/,Apply now"
"404,https://santafe.local/visa/permanent-residence/,https://santafe.local/visa/permanent-residence/permanent-residence-form/,Apply now"
"404,https://santafe.local/storage/long-term-storage/,https://santafe.local/storage/storage-form/,storage quote"
"404,https://santafe.local/moving/news-and-blog/top-things-to-do-in-hong-kong/,https://santafe.local/news-and-blog/The-Top-5-Places-to-Eat-in-Hong-Kong,top 5 best places to eat in Hong Kong"
"404,https://santafe.local/moving/news-and-blog/expat-schooling-in-hong-kong/,https://santafe.local/country/moving-to-hong-kong/,moving to Hong Kong"
"404,https://santafe.local/moving/news-and-blog/top-5-coolest-australian-animals-you-may-not-have-heard-of/,https://santafe.local/country/moving-to-australia/,Moving to Australia"
"404,https://santafe.local/moving/news-and-blog/the-top-5-cities-of-texas/,https://santafe.local/country/moving-to-usa/,Moving to the USA"
"404,https://santafe.local/moving/news-and-blog/the-top-5-cities-of-texas/,https://santafe.local/gb/relocating-myself/moving-services,Expatriates"
"404,https://santafe.local/moving/news-and-blog/top-cities-in-benelux/,https://santafe.local/country/moving-to-belgium/,Brussels"
"404,https://santafe.local/moving/news-and-blog/top-cities-in-benelux/,https://santafe.local/country/moving-to-luxembourg/,Luxembourg City"
"404,https://santafe.local/moving/news-and-blog/top-cities-in-benelux/,https://santafe.local/country/moving-to-netherlands/,Amsterdam"
"404,https://santafe.local/corporate-relocation/resources/news/membership-santa-fe-joins-the-club-eti-ile-de-france/,https://www.clubeti-idf.fr/,Club ETI �le-de-France"
"404,https://santafe.local/corporate-relocation/resources/news/membership-santa-fe-joins-the-club-eti-ile-de-france/ ,https://www.clubeti-idf.fr/,https://www.clubeti-idf.fr/"
"404,https://santafe.local/corporate-relocation/resources/news/most-high-tech-cities-in-the-world/,https://santafe.local/country/moving-to-south-korea/,Seoul<COMMA> South Korea"
"404,https://santafe.local/corporate-relocation/resources/news/most-high-tech-cities-in-the-world/,https://santafe.local/country/moving-to-usa/,San Francisco<COMMA> California"
"404,https://santafe.local/corporate-relocation/resources/news/most-high-tech-cities-in-the-world/,https://santafe.local/country/moving-to-singapore/,Singapore"
"404,https://santafe.local/corporate-relocation/resources/news/uk-revealed-as-third-most-popular-country-in-the-world-for-international-careers/,https://santafe.local/globalmobilitysurvey/,2017 Global Mobility Survey"
"404,https://santafe.local/corporate-relocation/resources/news/uk-revealed-as-third-most-popular-country-in-the-world-for-international-careers/,https://santafe.local/globalmobilitysurvey/,santafe.local/globalmobilitysurvey/"
"404,https://santafe.local/corporate-relocation/resources/news/application-for-uk-spouse-visa/,https://santafe.local/corporate-relocation/custom-guides-and-forms/united-kingdom-customs-declaration-forms-immigration-guides/,spouse visa in the UK"
"404,https://santafe.local/corporate-relocation/resources/news/top-tips-to-succeed-at-the-us-visa-interview/,https://santafe.local/visa-and-immigration/visa-for-usa,US visa"
"404,,https://santafe.local/corporate-relocation/custom-guides-and-forms/usa/,visas that you will need to apply for"
"404,https://santafe.local/corporate-relocation/resources/news/moving-to-the-usa/,https://santafe.local/contact/our-offices/united-states-danbury/,our regional office today"
"404,https://santafe.local/corporate-relocation/resources/news/moving-to-the-usa/,https://santafe.local/gb/corporate-relocation/home,corporate relocation assistance"
"bad host,https://santafe.local/corporate-relocation/resources/news/how-to-know-when-to-say-yes-to-an-assignment/,http://amj.aom.org/content/55/2/399.abstract,repatriate turnover reaching up to 38%�"
"404,https://santafe.local/corporate-relocation/resources/news/is-silicon-valley-really-the-worlds-top-tech-hub/,http://www.londonandpartners.com/media-centre/press-releases/2017/20171030-uk-most-attractive-european-tech-hub-for-silicon-valley-investors,the UK is one of the most attractive European tech hubs"
"404,https://santafe.local/corporate-relocation/resources/news/how-to-best-support-your-relocated-staff-over-the-festive-period/,https://www.meetup.com/americansabroad/events/upcoming,London Expat American Meetup Group"
"404,https://santafe.local/corporate-relocation/resources/news/what-are-the-implications-of-global-mobility-on-the-academic-world/,https://santafe.local/globalmobilitysurvey/,wave of global mobility"
"404,https://santafe.local/corporate-relocation/resources/news/what-are-the-implications-of-global-mobility-on-the-academic-world/,https://santafe.local/gb/corporate-relocation/home,Santa Fe Relocation"
"404,https://santafe.local/corporate-relocation/resources/news/the-uks-crackdown-on-illegal-immigrants-what-does-this-mean-for-visas/,https://santafe.local/globalmobilitysurvey/,2017 Global Mobility Survey"
"404,https://santafe.local/corporate-relocation/resources/news/the-difficulties-of-moving-abroad-survey-results/,https://www.surveymonkey.co.uk/r/3G9WFM3,here"
"404,https://santafe.local/cn/,https://santafe.local/about-us-2/governance-ownership/,Governance &#038; ownership"
"404,https://santafe.local/cn/,https://santafe.local/corporate-relocation/consulting-services/,Consulting services"
"404,https://santafe.local/cn/,https://santafe.local/corporate-relocation/relocation-and-destination-services/,Relocation and destination services"
"404,https://santafe.local/cn/,https://santafe.local/corporate-relocation/business-visa-and-immigration/,Business visa and immigration"
"404,https://santafe.local/cn/local-moving/,https://santafe.local/corporate-relocation/consulting-services/,Consulting services"
"404,https://santafe.local/cn/local-moving/,https://santafe.local/corporate-relocation/relocation-and-destination-services/,Relocation and destination services"
"404,https://santafe.local/cn/local-moving/,https://santafe.local/corporate-relocation/business-visa-and-immigration/,Business visa and immigration"
"404,https://santafe.local/cn/international-moving/,https://santafe.local/corporate-relocation/consulting-services/,Consulting services"
"404,https://santafe.local/cn/international-moving/,https://santafe.local/corporate-relocation/relocation-and-destination-services/,Relocation and destination services"
"404,https://santafe.local/cn/international-moving/,https://santafe.local/corporate-relocation/business-visa-and-immigration/,Business visa and immigration"
"404,https://santafe.local/corporate-relocation/partners/,https://santafe.local/corporate-relocation/partners/rome/,RomePosted 27/06/2024"
"404,https://santafe.local/moving/news-and-blog/5-actors-you-probably-didnt-know-were-from-hong-kong/,https://santafe.local/news-and-blog/The-Top-5-Things-to-do-in-Hong-Kong,Victoria Peak<COMMA> home to one of the greatest views in all"
"404,https://santafe.local/moving/news-and-blog/moving-to-thailand/,https://santafe.local/country/moving-to-thailand/,Moving to Thailand"
"404,https://santafe.local/moving/news-and-blog/moving-to-thailand/,https://santafe.local/knowledge-bank/Songkran-the-Thai-New-Year,Songkran<COMMA> the Thai New Year"
"404,https://santafe.local/moving/news-and-blog/moving-to-thailand/,https://santafe.local/gb/relocating-myself/relocation-services,April is the perfect time to relocate to Thailand"
"404,https://santafe.local/moving/news-and-blog/5-things-you-should-know-before-moving-to-beijing/,https://santafe.local/news-and-blog/How-Beijing-got-its-Name-A-Brief-History-of-the-Northern-Capital,a rich and detailed history going back 3000 years"
"404,https://santafe.local/moving/news-and-blog/5-things-you-should-know-before-moving-to-beijing/,https://santafe.local/The-Top-5-Things-to-do-in-Beijing,fascinating historical relics such as The Great Wall of"
"404,https://santafe.local/moving/news-and-blog/5-things-you-should-know-before-moving-to-beijing/,https://santafe.local/news-and-blog/Expat-Schooling-in-Beijing,international schools in Beijing"
"404,https://santafe.local/moving/news-and-blog/5-things-you-should-know-before-moving-to-beijing/,https://santafe.local/news-and-blog/The-Top-5-Places-to-Eat-in-Beijing,the most impressive restaurants in Beijing"
"404,https://santafe.local/moving/news-and-blog/5-things-you-should-know-before-moving-to-beijing/,https://santafe.local/news-and-blog/Need-to-Know-%E2%80%93-A-Brief-Guide-to-Chinese-Etiquette,brush up on your Chinese etiquette"
"404,https://santafe.local/moving/news-and-blog/5-fun-facts-about-beijing/,https://santafe.local/country/moving-to-china/,China"
"404,https://santafe.local/moving/news-and-blog/5-fun-facts-about-beijing/,https://santafe.local/news-and-blog/How-Beijing-got-its-Name-A-Brief-History-of-the-Northern-Capital,Beijing wasn&#8217;t always called Beijing."
"404,https://santafe.local/moving/news-and-blog/how-beijing-got-its-name/,https://santafe.local/country/moving-to-china/,move to China"
"404,https://santafe.local/moving/news-and-blog/a-guide-to-expat-housing-in-beijing/,https://santafe.local/country/moving-to-china/,Moving to China"
"404,https://santafe.local/moving/news-and-blog/moving-to-beijing/,https://santafe.local/country/moving-to-china/,Moving to China"
"404,https://santafe.local/moving/news-and-blog/moving-to-beijing/,https://santafe.local/news-and-blog/The-Top-5-Festivals-to-Visit-in-Beijing,China&#8217;s best festivals"
"404,https://santafe.local/moving/news-and-blog/moving-to-beijing/,https://santafe.local/news-and-blog/Need-to-Know-%E2%80%93-A-Brief-Guide-to-Chinese-Etiquette,local customs and social etiquette in Beijing"
"404,https://santafe.local/moving/news-and-blog/a-history-of-america-music/,https://santafe.local/contact/our-offices/united-states-danbury/,USA office"
"404,https://santafe.local/moving/news-and-blog/an-overview-of-american-sports/,https://santafe.local/country/moving-to-usa/,Moving to the USA"
"404,https://santafe.local/moving/news-and-blog/top-5-foods-in-the-usa/,https://santafe.local/country/moving-to-usa/,Moving to the USA"
"404,https://santafe.local/moving/news-and-blog/the-top-5-foods-in-the-uae-qatar/,https://santafe.local/news-and-blog/Moving-to-the-UAE,the UAE"
"404,https://santafe.local/moving/news-and-blog/the-top-5-foods-in-the-uae-qatar/,https://santafe.local/gb/relocating-myself/relocation-services,relocate to one of these stunning countries"
"404,https://santafe.local/moving/news-and-blog/luk-thep-dolls-the-child-angels/,https://santafe.local/country/moving-to-thailand/,Moving to Thailand"
"404,https://santafe.local/moving/news-and-blog/the-top-5-most-spiritual-places-in-thailand/,https://santafe.local/country/moving-to-thailand/,moving to Thailand"
"404,https://santafe.local/moving/news-and-blog/top-5-authentic-thai-foods-to-try-in-thailand/,https://santafe.local/country/moving-to-thailand/,Moving to Thailand"
"404,https://santafe.local/corporate-relocation/resources/news/working-overtime-negotiation-skills-business-life-in-the-us/,https://santafe.local/gb/corporate-relocation/global-mobility,mobility"
"404,https://santafe.local/corporate-relocation/resources/news/the-uncertainty-of-brexit-for-eu-nationals-and-businesses/,https://santafe.local/visa-and-immigration/uk-permanent-residency,apply for permanent residency now"
"404,https://santafe.local/corporate-relocation/resources/news/what-are-the-implications-of-global-mobility-on-the-academic-world/,https://santafe.local/gb/relocating-myself/student-services,scholars� increased volatility"
"404,https://santafe.local/corporate-relocation/resources/news/what-are-the-implications-of-global-mobility-on-the-academic-world/,https://santafe.local/knowledge-bank/Is-Europe-at-risk-of-losing-a-high-number-of-computer-experts-due-to-the-lack-of-development-in-the-field-of-supercomputing,return to their home countries for professional reasons"
"500,https://santafe.local/corporate-relocation/resources/news/the-best-places-for-expats-to-work-in-2018/,http://uk.businessinsider.com/expats-best-places-to-work-2018-2?utm_source=hearst&utm_medium=referral&utm_content=allverticals&r=US&IR=T/,More than 57% of expats say that the city offers fantas"
"404,https://santafe.local/corporate-relocation/partners/page/2/,https://santafe.local/corporate-relocation/partners/barcelona-2/,MadridPosted 19/06/2024"
"bad host,https://santafe.local/corporate-relocation/resources/news/what-lgbti-expats-need-from-their-employers/,http://globalmobilitytrends.bgrs.com/,according to a report conducted by BGRS"
"404,https://santafe.local/corporate-relocation/resources/news/ten-steps-to-an-effective-global-human-resources-strategy/,https://www.iia.org.uk/resources/auditing-business-functions/human-resources/recruitment-and-selection/,forms part of the strategic management"
"404,https://santafe.local/corporate-relocation/partners/page/2/,https://santafe.local/corporate-relocation/partners/cape-town-2/,JohannesburgPosted 18/06/2024"
"404,https://santafe.local/corporate-relocation/partners/page/2/,https://santafe.local/corporate-relocation/partners/dubai-2/,Abu DhabiPosted 18/06/2024"
"404,https://santafe.local/moving/news-and-blog/cape-town-the-legislative-capital/,https://santafe.local/country/moving-to-south-africa/,Moving to South Africa?"
"404,https://santafe.local/moving/news-and-blog/an-overview-of-american-sports/,https://santafe.local/gb/relocating-myself/relocation-services-orientation,orientation tour"
"404,https://santafe.local/moving/news-and-blog/top-5-foods-in-the-usa/,https://santafe.local/gb/relocating-myself/relocation-services-orientation,orientation tour"
"404,https://santafe.local/moving/news-and-blog/the-top-5-beaches-in-malaysia/,https://santafe.local/country/moving-to-malaysia/,moving to Malaysia"
"404,https://santafe.local/moving/news-and-blog/the-top-5-beaches-in-malaysia/,https://santafe.local/moving/locally/,local"
"404,https://santafe.local/moving/news-and-blog/the-top-5-beaches-in-malaysia/,https://santafe.local/moving/internationally/,international"
"404,https://santafe.local/moving/news-and-blog/the-most-interesting-endangered-animals-in-indonesia/,https://santafe.local/country/moving-to-indonesia/,moving to Indonesia"
"404,https://santafe.local/moving/news-and-blog/the-most-interesting-endangered-animals-in-indonesia/,https://santafe.local/country/moving-to-indonesia/,Indonesia"
"404,https://santafe.local/moving/news-and-blog/the-top-5-beaches-in-indonesia/,https://santafe.local/gb/relocating-myself/relocation-services-orientation,orientation tour"
"404,https://santafe.local/moving/news-and-blog/housing-in-qatar/,https://santafe.local/gb/relocating-myself/relocation-services-home-search,Home Search service"
"404,https://santafe.local/moving/news-and-blog/the-top-5-most-spiritual-places-in-thailand/,https://santafe.local/moving/locally/,moving home in Thailand"
"404,https://santafe.local/moving/news-and-blog/top-5-authentic-thai-foods-to-try-in-thailand/,https://santafe.local/gb/relocating-myself/relocation-services-settling-in-services,ways to settle into life abroad"
"404,https://santafe.local/moving/news-and-blog/schooling-in-austria/,https://santafe.local/country/moving-to-austria/,Moving to Austria"
"404,https://santafe.local/moving/news-and-blog/schooling-in-austria/,https://santafe.local/gb/relocating-myself/relocation-services-school-search,school search tool"
"404,https://santafe.local/moving/news-and-blog/interesting-social-practices-in-singapore/,https://santafe.local/country/moving-to-singapore/,Moving to Singapore"
"404,https://santafe.local/moving/news-and-blog/the-top-5-most-dangerous-animals-in-south-africa/,https://santafe.local/country/moving-to-south-africa/,move to South Africa"
"404,https://santafe.local/corporate-relocation/resources/news/interesting-ways-saudi-arabia-is-reducing-its-reliance-on-expats/,https://santafe.local/destination-guide/moving-to-united-arab-emirates,United Arab Emirates"
"404,https://santafe.local/corporate-relocation/resources/news/best-jobs-for-people-who-like-to-travel-the-life-of-diplomats/,https://santafe.local/gb/corporate-relocation/local-relocation-services-relocation-intercultural-and-language-training,foreign language training"
"404,https://santafe.local/corporate-relocation/resources/news/seizing-the-global-hnw-expat-opportunity/,https://www.globaldata.com/store/report/fs0123ia--seizing-the-global-hnw-expat-opportunity/,65% of wealth managers target this particular demograph"
"404,https://santafe.local/corporate-relocation/resources/news/seizing-the-global-hnw-expat-opportunity/,https://www.ubs.com/global/about_ubs/follow_ubs/juerg_zeltner/2017/9/14/seizing-the-opportunities-for-growth-in-wealth-management.html,wealth protection and growth is more important than eve"
"404,https://santafe.local/corporate-relocation/resources/news/seizing-the-global-hnw-expat-opportunity/,https://capitalmarketsblog.accenture.com/top-technology-trends-wealth-management-2018,investment in the latest technological advancements and"
"404,https://santafe.local/corporate-relocation/resources/news/skills-shortages-costing-the-stem-sector/,https://santafe.local/gb/corporate-relocation/global-mobility,relocation packages"
"404,https://santafe.local/corporate-relocation/resources/news/skills-shortages-costing-the-stem-sector/,https://santafe.local/gb/corporate-relocation/global-mobility,get in touch with a member of our expert team"
"500,https://santafe.local/corporate-relocation/resources/news/highest-paying-cities-for-expats/,http://uk.businessinsider.com/how-expensive-is-san-francisco-2015-9,high cost of living"
"404,https://santafe.local/corporate-relocation/resources/news/gulf-employment-trends-in-2018/,https://santafe.local/gb/corporate-relocation/home,Santa Fe Relocation"
"404,https://santafe.local/corporate-relocation/partners/page/3/,https://santafe.local/corporate-relocation/partners/mumbai-2/,PunePosted 18/06/2024"
"404,https://santafe.local/corporate-relocation/partners/page/5/,https://santafe.local/corporate-relocation/partners/strasbourg/,StrasbourgPosted 18/06/2024"
"404,https://santafe.local/moving/news-and-blog/is-moving-out-of-london-the-newest-trend-in-the-uk/,https://santafe.local/contact/our-offices/our-offices-uk-london/,our London office"
"timeout,https://santafe.local/corporate-relocation/resources/news/skills-shortages-costing-the-stem-sector/,https://www.thetechpartnership.com/news/uk-cyber-workforce-grows-160-in-five-years-tech-partnership-figures-show/,43% of STEM role vacancies are becoming difficult to fu"
"404,https://santafe.local/moving/news-and-blog/top-5-foods-in-switzerland/,https://santafe.local/country/moving-to-switzerland/,Moving to Switzerland"
"404,https://santafe.local/moving/news-and-blog/the-best-beaches-in-singapore/,https://santafe.local/gb/corporate-relocation/local-relocation-services-relocation-settling-in-services,settling in services"
"404,https://santafe.local/moving/news-and-blog/interesting-german-folklore/,https://santafe.local/country/moving-to-germany/,Moving to Germany"
"404,https://santafe.local/moving/news-and-blog/evolution-of-music-in-germany/,https://santafe.local/gb/corporate-relocation/local-relocation-services-area-orientation,orientation tour"
"404,https://santafe.local/moving/news-and-blog/the-pros-and-cons-of-moving-to-germany/,https://santafe.local/country/moving-to-germany/,moving to Germany"
"404,https://santafe.local/moving/news-and-blog/things-that-can-land-you-in-jail-in-dubai/,https://santafe.local/country/moving-to-united-arab-emirates/,Moving to Dubai"
"404,https://santafe.local/moving/news-and-blog/things-that-can-land-you-in-jail-in-dubai/,https://santafe.local/destination-guide/moving-to-united-arab-emirates,United Arab Emirates"
"404,https://santafe.local/moving/news-and-blog/famous-expats-of-the-world/,https://santafe.local/gb/relocating-myself/home,relocation services"
"timeout,https://santafe.local/corporate-relocation/resources/news/skills-shortages-costing-the-stem-sector/,https://www.thetechpartnership.com/,The Tech Partnership"
"timeout,https://santafe.local/corporate-relocation/resources/news/skills-shortages-costing-the-stem-sector/,https://www.thetechpartnership.com/news/uk-cyber-workforce-grows-160-in-five-years-tech-partnership-figures-show/,the UK cyber workforce grew by 160% in five years"
"404,https://santafe.local/corporate-relocation/resources/news/interesting-moving-industry-statistics-for-2018/,https://www.moving.org/newsroom/data-research/about-our-industry/,the sector employs more than 122<COMMA>600 people"
"404,https://santafe.local/corporate-relocation/resources/news/interesting-moving-industry-statistics-for-2018/,https://www.moving.org/newsroom/data-research/about-our-industry/,44% of individuals use moving companies"
"404,https://santafe.local/moving/news-and-blog/how-to-avoid-cultural-shock-in-china/,https://santafe.local/country/moving-to-china/,Moving to China"
"404,https://santafe.local/moving/news-and-blog/how-to-avoid-cultural-shock-in-china/,https://santafe.local/news-and-blog/Why-the-world%E2%80%99s-highest-paid-expats-are-heading-to-Mumbai,Mumbai�s expat community"
"404,https://santafe.local/corporate-relocation/resources/news/growing-and-shrinking-economies-2018/,https://santafe.local/us/corporate-relocation/home,Santa Fe Relocation"
"404,https://santafe.local/corporate-relocation/resources/news/the-next-european-start-up-capital/,https://santafe.local/consumer/moving/international/country-guides/moving-to-united-arab-emirates/,get in touch today."
"404,https://santafe.local/corporate-relocation/resources/news/top-countries-to-relocate-for-business/,https://santafe.local/consumer/moving/international/country-guides/moving-to-united-arab-emirates/,United Arab Emirates"
"404,https://santafe.local/corporate-relocation/resources/news/how-to-maintain-your-career-as-a-trailing-spouse/,https://santafe.local/gb/corporate-relocation/home,Santa Fe Relocation"
"404,https://santafe.local/corporate-relocation/resources/news/what-to-consider-when-moving-to-new-country-for-work/,https://santafe.local/gb/corporate-relocation/home,Santa Fe Relocation"
"404,https://santafe.local/corporate-relocation/resources/news/should-businesses-hire-expats-over-locals/,https://santafe.local/gb/corporate-relocation/home,Santa Fe Relocation"
"500,https://santafe.local/corporate-relocation/resources/news/interesting-moving-industry-statistics-for-2018/,http://www.statisticbrain.com/self-storage-industry-statistics/,no less than 2.3 billion sqft<COMMA> which is the equivalent"
"404,https://santafe.local/corporate-relocation/resources/news/how-do-credit-scores-work-in-other-countries/,https://www.internations.org/uae-expats/guide/29464-culture-shopping-recreation/from-sharia-to-gurdwara-religion-in-the-uae-18871,religious restrictions"
"404,https://santafe.local/corporate-relocation/resources/news/top-countries-to-relocate-for-business/,https://www.cnbc.com/2017/01/31/germany-is-the-top-destination-for-companies-relocating-due-to-brexit-ey.html,top destination for companies relocating due to Brexit."
"500,https://santafe.local/corporate-relocation/resources/news/top-countries-to-relocate-for-business/,http://uk.businessinsider.com/hsbc-countries-expats-best-careers-work-2016-12,56% of expatriates receive accommodation allowance in t"
"404,https://santafe.local/corporate-relocation/resources/news/gulf-employment-trends-in-2018/,http://www.muscatdaily.com/Archive/Oman/Gulf-job-market-set-to-grow-at-9-Oman-at-2-57vi,set to grow at an average rate of 9% this year"
"404,https://santafe.local/corporate-relocation/resources/news/the-most-powerful-passports-in-the-world/,https://www.henleyglobal.com/press-release-details/germany-secures-the-top-spot-in-the-2018-henley-passport-index/,2018 Henley Passport Index"
"404,https://santafe.local/corporate-relocation/partners/page/4/,https://santafe.local/corporate-relocation/partners/shanghai-beijing-2/,WuhanPosted 18/06/2024"
"404,https://santafe.local/corporate-relocation/resources/news/top-international-schools-across-the-globe/,http://www.stpauls.br/curriculum-school-life/igcse/,IGCSE"
"404,https://santafe.local/corporate-relocation/resources/news/highest-paying-jobs-for-american-expats/,https://www.iea.org/oilmarketreport/omrpublic/,a growth estimate of 1.84 mb/d in 2019"
"404,https://santafe.local/moving/news-and-blog/moving-from-paraguay-to-germany-a-new-life-in-frankfurt/,https://santafe.local/moving/news-and-blog/moving-to-philippines-a-single-parent-expat-story/,Moving to Philippines: a single parent expat story"
"bad host,https://santafe.local/corporate-relocation/resources/news/highest-paying-jobs-for-american-expats/,https://myoildrilling.info/life-on-an-oil-rig/,ranging between 14/14<COMMA> 21/14 or 28/28"
"404,https://santafe.local/moving/news-and-blog/looking-for-an-environmental-job-see-our-guide-to-eco-friendly-careers-worldwide/,https://santafe.local/corporate-relocation/relocation-and-destination-services/,abroad"
"500,https://santafe.local/corporate-relocation/resources/news/highest-paying-jobs-for-american-expats/,http://uk.businessinsider.com/trucking-shortage-eld-mandate-cdl-truck-driver-salary-2018-6,shortage in truck drivers around the world"
"404,https://santafe.local/moving/news-and-blog/how-taking-a-job-overseas-can-affect-your-relationship/,https://santafe.local/moving/,Relocation page"
"404,https://santafe.local/moving/news-and-blog/football-transfers-today-life-in-between-clubs-and-countries/,https://santafe.local/moving/,football relocation package"
"404,https://santafe.local/moving/news-and-blog/mistakes-foreigners-do-when-moving-to-italy/,https://santafe.local/gb/relocating-myself/moving-services-moving-overseas,moving overseas"
"404,https://santafe.local/moving/news-and-blog/moving-back-home/,https://santafe.local/gb/relocating-myself/moving-services-moving-overseas,international moving services"
"404,https://santafe.local/moving/news-and-blog/moving-back-home/,https://santafe.local/gb/corporate-relocation/repatriation-services,repatriation services"
"bad host,https://santafe.local/corporate-relocation/resources/news/the-new-business-owner-tax/,http://newstank.website/2018/06/expatbusiness-owners-have-a-new-tax-to-worry-about/,co-founder of Greenback Expat Tax Services explained"
"404,https://santafe.local/corporate-relocation/resources/news/a-guide-to-work-etiquette-around-the-world/,https://santafe.local/gb/corporate-relocation/home,Santa Fe Relocation"
"404,https://santafe.local/corporate-relocation/resources/news/hong-kong-housing-market-a-local-move-guide-for-expats/,https://santafe.local/country/moving-to-hong-kong/,moving to Hong Kong"
"404,https://santafe.local/moving/news-and-blog/moving-from-paraguay-to-germany-a-new-frenetic-life-in-frankfurt-part-1/,https://santafe.local/moving/news-and-blog/moving-to-philippines-a-single-parent-expat-story/,Moving to Philippines: a single parent expat story"
"404,https://santafe.local/moving/news-and-blog/solo-adventure-in-the-land-of-smiles/,https://santafe.local/moving/news-and-blog/moving-to-philippines-a-single-parent-expat-story/,Moving to Philippines: a single parent expat story"
"404,https://santafe.local/moving/news-and-blog/moving-from-canada-to-thailand-new-friends-for-alexandria/,https://santafe.local/moving/news-and-blog/moving-to-philippines-a-single-parent-expat-story/,Moving to Philippines: a single parent expat story"
"404,https://santafe.local/moving/news-and-blog/moving-to-india-leaving-corporate-life-for-the-coffee-plantation/,https://santafe.local/moving/news-and-blog/moving-to-philippines-a-single-parent-expat-story/,Moving to Philippines: a single parent expat story"
"404,https://santafe.local/moving/news-and-blog/a-new-step-for-an-expat-family/,https://santafe.local/moving/news-and-blog/moving-to-philippines-a-single-parent-expat-story/,Moving to Philippines: a single parent expat story"
"404,https://santafe.local/moving/news-and-blog/moving-to-italy-a-new-step-for-an-expat-family-part-2/,https://santafe.local/moving/news-and-blog/moving-to-philippines-a-single-parent-expat-story/,Moving to Philippines: a single parent expat story"
"timeout,https://santafe.local/corporate-relocation/resources/news/the-new-business-owner-tax/,https://mazarsusa.com/?utm_source=&utm_medium=&gclid=EAIaIQobChMI6fyhrpi13AIVkwrTCh1fIgPbEAAYASAAEgIcQvD_BwE,the leader of the global mobility practice at Mazars US"
"404,https://santafe.local/moving/news-and-blog/the-challenges-expat-women-face/,https://santafe.local/services/,moving abroad"
"404,https://santafe.local/moving/news-and-blog/best-countries-in-europe-for-international-students/,https://santafe.local/country/moving-to-germany/,Moving to Germany"
"404,https://santafe.local/moving/news-and-blog/best-countries-in-europe-for-international-students/,https://santafe.local/country/moving-to-france/,moving to France"
"404,https://santafe.local/moving/news-and-blog/best-countries-in-europe-for-international-students/,https://santafe.local/country/moving-to-netherlands/,Moving to the Netherlands"
"404,https://santafe.local/moving/news-and-blog/the-worlds-top-5-most-liveable-cities/,https://santafe.local/country/moving-to-australia/,Melbourne"
"404,https://santafe.local/corporate-relocation/resources/news/the-countries-offering-the-best-work-benefits/,https://santafe.local/country/moving-to-luxembourg/,Luxembourg"
"404,https://santafe.local/corporate-relocation/resources/news/the-countries-offering-the-best-work-benefits/,https://santafe.local/country/moving-to-switzerland/,Switzerland"
"404,https://santafe.local/corporate-relocation/resources/news/the-countries-offering-the-best-work-benefits/,https://santafe.local/country/moving-to-usa/,United States"
"404,https://santafe.local/corporate-relocation/resources/news/the-countries-offering-the-best-work-benefits/,https://santafe.local/country/moving-to-australia/,Australia"
"404,https://santafe.local/moving/news-and-blog/which-countries-offer-the-best-working-conditions-to-expats/,https://www.iww.org/history/library/misc/origins_of_mayday,International Workers Day"
"404,https://santafe.local/moving/news-and-blog/which-countries-offer-the-best-working-conditions-to-expats/,https://www.internations.org/france-expats/guide/working-in-france-15452,5 weeks of annual leave"
"404,https://santafe.local/moving/news-and-blog/best-countries-in-europe-for-international-students/,https://santafe.local/city/moving-to-london/,moving to London"
"404,https://santafe.local/moving/news-and-blog/best-countries-in-europe-for-international-students/,https://santafe.local/country/moving-to-poland/,moving to Poland"
"404,https://santafe.local/moving/news-and-blog/the-pros-cons-of-moving-to-hong-kong/,https://santafe.local/country/moving-to-hong-kong/,moving to Hong Kong"
"404,https://santafe.local/moving/news-and-blog/how-to-deal-with-ageing-parents-when-you-live-overseas/,https://www.digital22.com/insights/how-over-50s-use-social-media-and-the-internet-in-2017,the number of over 65s that use social media has double"
"522,https://santafe.local/corporate-relocation/resources/news/a-guide-to-the-most-and-least-corrupt-countries-for-asssignees/,https://www.business-anti-corruption.com/country-profiles/swed,criticised for its lack of foreign bribery law enforcem"
"bad host,https://santafe.local/corporate-relocation/resources/news/the-highest-paying-jobs-in-singapore/,https://www.bankerbay.com/c/Singapore/Financial-Services-Companies/SG/8/All/1,major financial services company in Singapore"
"404,https://santafe.local/corporate-relocation/resources/news/a-guide-on-how-to-do-business-in-russia/,https://santafe.local/corporate-relocation/custom-guides-and-forms/russia-customs-declaration-forms-immigration-guides/,Working in Russia"
"404,https://santafe.local/corporate-relocation/resources/news/a-guide-on-how-to-do-business-in-russia/,https://santafe.local/country/moving-to-russia/,Russia"
"500,https://santafe.local/moving/news-and-blog/where-is-the-best-place-to-be-an-expat-woman/,http://uk.businessinsider.com/internations-best-countries-for-women-working-abroad-2017-3,almost half of the women who currently live abroad said"
"503,https://santafe.local/moving/news-and-blog/where-is-the-best-place-to-be-an-expat-woman/,http://www.americanclub.org.nz/,American Club Inc"
"404,https://santafe.local/corporate-relocation/resources/news/discover-our-vietnam-tet-survival-guide-2024/,https://whereinvietnam.com/guide/tet-survival-guide-santa-fe-wiv/,Tet Survival Guide 2024"
"404,https://santafe.local/corporate-relocation/resources/news/discover-our-vietnam-tet-survival-guide-2024/,https://whereinvietnam.com/guide/tet-survival-guide-santa-fe-wiv/,Tet Survival Guide 2024"
"404,https://santafe.local/corporate-relocation/resources/news/the-countries-offering-the-best-work-benefits/,http://www.expatfocus.com/expatriate-switzerland-employment,80% of their wages during their time away from the offi"
"404,https://santafe.local/moving/news-and-blog/the-top-expat-poets-to-watch-in-2019/,http://www.poetrybusiness.co.uk/sarah-fletcher,Sarah Fletcher"
"404,https://santafe.local/moving/news-and-blog/visit-our-booth-at-honeykids-asia-international-school-fair-pan-pacific-singapore-16th-march-2019/,https://santafe.local/storage/storage-form/?tfa_485=Singapore&tfa_242=Singapore&tfa_669=Other&tfa_975=HoneyKids%20Asia&utm_source=HoneyKidsAsia&utm_medium=referral&utm_content=HKA_CTA_Storage-form,GET A STORAGE QUOTE"
"404,https://santafe.local/moving/news-and-blog/possible-impact-of-no-deal-brexit-on-pet-relocation/,https://www.bva.co.uk/News-campaigns-and-policy/Policy/Companion-animals/Pet-travel/,EU PET Travel Scheme"
"404,https://santafe.local/moving/news-and-blog/5-of-the-best-carnivals-in-the-world-and-their-food/,http://www.carnavaldebinche.be/home-eng.html,carnival of Binche"
"404,https://santafe.local/moving/news-and-blog/how-can-age-define-where-we-relocate/,https://www.newsweek.com/insights/leading-international-schools-2018,home to some of the best international schools in the w"
"404,https://santafe.local/moving/news-and-blog/top-international-schools-across-the-globe/,http://www.stpauls.br/curriculum-school-life/igcse/,IGCSE"
"500,https://santafe.local/moving/news-and-blog/how-different-cultures-understand-time/,http://uk.businessinsider.com/brazil-piraha-language-recursion-controversy-linguistics-2016-3?r=US&IR=T,limited language skills<COMMA> which are heavily based on whi"
"400,https://santafe.local/moving/news-and-blog/the-most-popular-places-to-buy-abroad-for-expats/,http://www.simply-gascony.co.uk/about_gascony.html,population density in Gascony is very low compared to o"
"bad host,https://santafe.local/moving/news-and-blog/why-do-americans-move-so-much-more-than-europeans/,https://sploid.gizmodo.com/why-are-american-cities-so-much-different-than-european-1788196723,appearing to be more comparable to Lyon in France"
"404,https://santafe.local/corporate-relocation/resources/news/immigration-update-the-netherlands-legislation-update/,https://www.netherlandsandyou.nl/travel-and-residence/legalising-your-documents/simpler-procedure-for-use-of-public-eu-documents,without an apostille"
"404,https://santafe.local/corporate-relocation/resources/news/immigration-update-the-netherlands-legislation-update/,https://www.netherlandsandyou.nl/travel-and-residence/question-and-answer/eu-eea-efta-and-schengen-countries,28 EU countries"
"404,https://santafe.local/moving/news-and-blog/relocating-a-child-with-special-educational-needs/,https://contact.org.uk/advice-and-support/education-learning/ehc-needs-assessments-(england)/education-health-and-care-(ehc)-plans/,EHC plan"
"404,https://santafe.local/moving/news-and-blog/the-most-popular-destinations-for-british-expats/,https://www.jetro.go.jp/invest/region/hiroshima-city/living.html,the area attracted over 1<COMMA>000<COMMA>000 visitors in 2015"
"404,https://santafe.local/moving/news-and-blog/why-american-expats-arent-moving-abroad-for-money/,https://santafe.local/country/moving-to-germany/,Germany"
"404,https://santafe.local/moving/news-and-blog/5-interesting-facts-about-malaysia/,http://www.therakyatpost.com/news/2014/09/16/sadly-many-dont-think-malaysians-first/,ask someone from Malaysia"
"404,https://santafe.local/moving/news-and-blog/2018s-friendliest-cities/,https://www.cntraveler.com/galleries/2015-08-14/the-2015-friendliest-and-unfriendliest-cities-in-the-world,Conde Nast Traveler"
"404,https://santafe.local/moving/news-and-blog/the-best-ways-to-celebrate-halloween-around-the-world/,https://hudsonvalley.org/events/horsemans-hollow/,Horseman�s Hollow in New York"
"404,https://santafe.local/corporate-relocation/resources/news/global-mobility-chinas-expatriate-tax-incentives-extended-through-2027/,https://santafe.local/corporate-relocation/resources/news/global-mobility-chinas-expatriate-tax-incentives-extended-through-2027/kelvin.tan@santaferelo.com,kelvin.tan@santaferelo.com"
"timeout,https://santafe.local/corporate-relocation/resources/news/the-best-cities-to-start-your-career/,https://montrealgazette.com/business/montreal-job-growth-highest-among-largest-cities-in-canada-and-u-s,highest employment growth rates"
"404,https://santafe.local/corporate-relocation/resources/news/immigration-update-south-africa-advisory-notes-on-the-requirements-for-children-travelling-through-south-african-ports-of-entry/,http://www.dha.gov.za/index.php/statements-speeches/621-updated-advisory-new-requirements-for-children-travelling-through-south-african-ports-of-entry,here"
"404,https://santafe.local/mobility-insights/events/,https://santafe.local/keep-me-informed/global-mobility-and-immigration-insights/,Subscribe"
"timeout,https://santafe.local/corporate-relocation/resources/news/immigration-update-namibia-unabridged-birth-certificates-required-for-children-travelling-through-namibian-ports-of-entry/,http://www.mha.gov.na/documents/43893/846526/Implications+of+travelling+to+and+from+Namibia+with+children.pdf/7d6beb17-fa93-4657-8405-74d0e3a1bcf2,here"
"500,https://santafe.local/corporate-relocation/resources/news/immigration-update-kenya-only-one-week-left-to-register-for-huduma-namba/,https://www.hudumanamba.go.ke/,Huduma Namba"
"404,https://santafe.local/mobility-insights/events/,https://santafe.local/?post_type=mobility-events&p=8877,Register for event"
"404,https://santafe.local/corporate-relocation/resources/news/immigration-update-south-africa-visa-waivers-introduced-for-travellers-from-qatar-saudi-arabia-united-arab-emirates-and-new-zealand/,http://www.dha.gov.za/index.php/statements-speeches/1278-home-affairs-implements-visa-waivers-for-four-countries-which-are-among-the-big-tourist-sending-nations?fbclid=IwAR3tQHxayE9G-9P76J5k9OvJdAeyWPbTNZpTzyCLHzZzPKZUWCFP7jpXOI8,here"
"503,https://santafe.local/corporate-relocation/resources/news/immigration-update-india-revised-guidelines-for-international-arrivals-4/,https://www.newdelhiairport.in/airsuvidha/apho-registration,https://www.newdelhiairport.in/airsuvidha/apho-registra"
"404,https://santafe.local/corporate-relocation/resources/news/won-two-highly-prestigious-awards-at-the-2022-fem-emea-emmas/,https://santafe.local/mobility-insights/global-mobility-survey/redefine-global-mobility-survey-2021-2022/,Download"
"404,https://santafe.local/corporate-relocation/resources/news/immigration-update-india-revised-guidelines-for-international-arrivals-4/,https://www.civilaviation.gov.in/about-air-transport-bubbles,https://www.civilaviation.gov.in/about-air-transport"
"404,https://santafe.local/corporate-relocation/resources/news/santa-fe-relocation-wins-at-2022-apac-fem-emmas/,https://santafe.local/mobility-insights/global-mobility-survey/redefine-global-mobility-survey-2021-2022/,download"
"404,https://santafe.local/corporate-relocation/resources/news/page/18/,https://santafe.local/corporate-relocation/resources/news/roundupglobal-mobility-q3-2022-review/,ROUNDUP_Global Mobility Q3 2022 reviewPosted 31/08/2022"
"404,https://santafe.local/corporate-relocation/resources/news/how-to-guarantee-and-measure-roi-in-global-mobility/,https://santafe.local/corporate-relocation/consulting-services/global-move-management/,Santa Fe�s Assignment Management services"
"404,https://santafe.local/corporate-relocation/resources/news/immigration-update-south-africa-temporary-measures-in-respect-of-foreign-nationals/,https://santafe.local/mobility-insights/news-and-blog/?page=1,here"
"404,https://santafe.local/corporate-relocation/resources/news/the-forum-for-expatriate-management-2022-apac-emmas-shortlist/,https://santafe.local/mobility-insights/global-mobility-survey/redefine-global-mobility-survey-2021-2022/,&#8216;Global Mobility Survey 2021/22&#8217;"
"404,https://santafe.local/corporate-relocation/resources/news/immigration-update-hong-kong-suspension-of-flights-from-9-countries-to-be-lifted/,https://www.coronavirus.gov.hk/eng/designated-hotel-list.html,Designated Government Hotel"
"bad host,https://santafe.local/corporate-relocation/resources/news/immigration-update-hong-kong-suspension-of-flights-from-9-countries-to-be-lifted/,https://www.communitytest.gov.hk/,Community Testing Centre"
"bad host,https://santafe.local/corporate-relocation/resources/news/immigration-update-hong-kong-suspension-of-flights-from-9-countries-to-be-lifted/,https://www.communitytest.gov.hk/,Community Testing Centre"
"404,https://santafe.local/corporate-relocation/resources/news/santa-fe-relocation-wins-at-the-2019-emea-fem-awards/,https://santafe.local/corporate-relocation/relocation-and-destination-services/,here"
"bad host,https://santafe.local/corporate-relocation/resources/news/immigration-update-hong-kong-suspension-of-flights-from-9-countries-to-be-lifted/,https://www.quotabooking.gov.hk/nonresidents_cbt_booking/hk/index.jsp,link"
"404,https://santafe.local/corporate-relocation/resources/news/immigration-update-hong-kong-suspension-of-flights-from-9-countries-to-be-lifted/,https://www.coronavirus.gov.hk/eng/599C-quarantine_exemption.html,https://www.coronavirus.gov.hk/eng/599C-quarantine_exem"
"404,https://santafe.local/corporate-relocation/resources/news/immigration-update-hong-kong-suspension-of-flights-from-9-countries-to-be-lifted/,https://www.coronavirus.gov.hk/eng/599C-quarantine_exemption.html,https://www.coronavirus.gov.hk/eng/599C-quarantine_exem"
"404,https://santafe.local/corporate-relocation/resources/news/immigration-update-south-africa-new-critical-skills-list-published/,https://santafe.local/mobility-insights/news-and-blog/?page=1,here"
"bad host,https://santafe.local/corporate-relocation/resources/news/immigration-update-italy-entry-rules-from-1st-until-31st-of-march-2022/,http://app.euplf.eu/,Digital Passenger Locator Form�"
"bad host,https://santafe.local/corporate-relocation/resources/news/immigration-update-italy-entry-rules-from-1st-until-31st-of-march-2022/,http://www.dgc.gov.it/,EU Digital Covid Certificate"
"404,https://santafe.local/corporate-relocation/resources/news/immigration-update-south-africa-a-revision-on-children-travelling/,http://www.dha.gov.za/index.php/statements-speeches/621-updated-advisory-new-requirements-for-children-travelling-through-south-african-ports-of-entry,here"
"bad host,https://santafe.local/corporate-relocation/resources/news/immigration-update-switzerland-important-steps-towards-normalcy/,https://travelcheck.admin.ch/home,Travelcheck"
"404,https://santafe.local/corporate-relocation/resources/news/immigration-update-switzerland-important-steps-towards-normalcy/,https://www.sem.admin.ch/sem/home/sem/aktuell/faq-einreiseverweigerung.html,State Secretariat for Migration"
"404,https://santafe.local/corporate-relocation/resources/news/immigration-update-india-travel-and-visa-restrictions-related-to-covid-19-3/,https://www.civilaviation.gov.in/about-air-transport-bubbles,https://www.civilaviation.gov.in/about-air-transport"
"503,https://santafe.local/corporate-relocation/resources/news/immigration-update-india-revised-guidelines-for-international-arrivals-3/,https://www.newdelhiairport.in/airsuvidha/apho-registration,https://www.newdelhiairport.in/airsuvidha/apho-registra"
"404,https://santafe.local/corporate-relocation/resources/news/immigration-update-india-revised-guidelines-for-international-arrivals-3/,https://www.civilaviation.gov.in/about-air-transport-bubbles,https://www.civilaviation.gov.in/about-air-transport"
"bad host,https://santafe.local/corporate-relocation/resources/news/immigration-update-thailand-test-go-application-resumes/,https://tp.consular.go.th/,https://tp.consular.go.th"
"404,https://santafe.local/corporate-relocation/resources/news/immigration-update-singapore-covid-vaccination-now-a-mandatory-requirement-for-approval-and-renewal-of-passes/,https://www.mom.gov.sg/covid-19/advisory-on-covid-19-vaccination-in-employment-settings,https://www.mom.gov.sg/covid-19/advisory-on-covid-19-va"
"404,https://santafe.local/corporate-relocation/resources/news/immigration-update-singapore-covid-vaccination-now-a-mandatory-requirement-for-approval-and-renewal-of-passes/,https://www.moh.gov.sg/docs/librariesprovider5/default-document-library/annex-ae1814f71d7e7420bb3ddbfbddd4fa809.pdf)(work,https://www.moh.gov.sg/docs/librariesprovider5/default-"
"404,https://santafe.local/corporate-relocation/resources/news/immigration-update-india-travel-and-visa-restrictions-related-to-covid-19-2/,https://www.civilaviation.gov.in/about-air-transport-bubbles,https://www.civilaviation.gov.in/about-air-transport"
"404,https://santafe.local/corporate-relocation/resources/news/immigration-update-germany-restrictions-for-stays-in-hotels-or-temporary-accommodations/,https://www.rki.de/SharedDocs/FAQ/COVID-Impfgesamt.html,Robert Koch Institute: COVID"
"bad host,https://santafe.local/corporate-relocation/resources/news/immigration-update-italy-entry-rules-starting-from-16th-december-until-31st-january/,https://app.euplf.eu/,digital Passenger Locator Form"
"bad host,https://santafe.local/corporate-relocation/resources/news/immigration-update-italy-entry-rules-starting-from-16th-december-until-31st-january/,https://app.euplf.eu/,digital Passenger Locator Form"
"bad host,https://santafe.local/corporate-relocation/resources/news/immigration-update-italy-entry-rules-starting-from-16th-december-until-31st-january/,https://app.euplf.eu/,Passenger Locator Form"
"bad host,https://santafe.local/corporate-relocation/resources/news/immigration-update-italy-entry-rules-starting-from-16th-december-until-31st-january/,https://app.euplf.eu/,Passenger Locator Form"
"404,https://santafe.local/corporate-relocation/resources/news/brexit-and-transitional-period-update/,https://santafe.local/knowledge-bank?page=1,here"
"404,https://santafe.local/corporate-relocation/resources/news/immigration-update-south-africa-visa-dispensation-for-chinese-nationals/,https://santafe.local/knowledge-bank?page=1,here"
"404,https://santafe.local/corporate-relocation/resources/news/client-announcement-a-further-update-on-the-coronavirus-in-china/,https://finance.yahoo.com/news/shipping-getting-smashed-coronavirus-more-000000936.html,https://finance.yahoo.com/news/shipping-getting-smashed"
"404,https://santafe.local/corporate-relocation/resources/news/le-cercle-magellan-nous-renouvelle-sa-confiance/,https://www.magellan-network.com/fr/nous-connaitre/presse-et-actualites/actualite/news/nouvelle-edition-de-lannuaire-et-prestataires-labellises-entrants/,https://www.magellan-network.com/fr/nous-connaitre/pres"
"404,https://santafe.local/corporate-relocation/resources/news/le-cercle-magellan-nous-renouvelle-sa-confiance/,https://www.magellan-network.com/about-us/news-and-press/detail-news/news/translate-to-english-1er-hackathon-en-gestion-financiere-dedie-a-lepargne-salariale-140319-c/,https://www.magellan-network.com/about-us/news-and-p"
"404,https://santafe.local/corporate-relocation/resources/news/immigration-update-singapore-more-announcements-on-coronavirus/,https://www.moh.gov.sg/2019-ncov-wuhan,Ministry of Health<COMMA> Singapore"
"404,https://santafe.local/corporate-relocation/resources/news/immigration-update-philippines-bureau-of-immigration-measures-following-coronavirus-outbreak/,https://santafe.local/knowledge-bank?page=1,here"
"404,https://santafe.local/corporate-relocation/resources/news/immigration-update-singapore-more-announcements-on-coronavirus/,https://www.mom.gov.sg/2019-ncov,Ministry of Manpower<COMMA> Singapore"
"404,https://santafe.local/corporate-relocation/resources/news/immigration-update-india-revised-guidelines-for-international-arrivals-2/,https://www.civilaviation.gov.in/about-air-transport-bubbles,Air Transport Bubbles Arrangement"
"bad host,https://santafe.local/corporate-relocation/resources/news/immigration-update-germany-latest-coronavirus-entry-regulations/,https://www.einreiseanmeldung.de/,Digital Registration on Entry"
"bad host,https://santafe.local/corporate-relocation/resources/news/immigration-update-germany-latest-coronavirus-entry-regulations/,https://www.integrationsbeauftragtenisterin/corona.de/ib-de/staatsmi,here"
"404,https://santafe.local/corporate-relocation/resources/news/client-announcement-a-further-update-on-the-coronavirus-in-china/,https://santafe.local/mobility-insights/news-and-blog/immigration-update-china-coronavirus-impact-on-foreigners/,link"
"503,https://santafe.local/corporate-relocation/resources/news/immigration-update-india-revised-guidelines-for-international-arrivals-2/,http://www.newdelhiairport.in/,www.newdelhiairport.in"
"404,https://santafe.local/corporate-relocation/resources/news/immigration-update-singapore-covid-19-update-on-new-requirements-for-work-pass-holders-entering-singapore/,https://www.moh.gov.sg/2019-ncov-wuhan,Ministry of Health<COMMA> Singapore"
"404,https://santafe.local/corporate-relocation/resources/news/immigration-update-singapore-covid-19-update-on-new-requirements-for-work-pass-holders-entering-singapore/,https://www.mom.gov.sg/2019-ncov,Ministry of Manpower<COMMA> Singapore"
"404,https://santafe.local/corporate-relocation/resources/news/immigration-update-singapore-covid-19-update-on-new-requirements-for-work-pass-holders-entering-singapore/,https://santafe.local/knowledge-bank?page=1,here"
"bad host,https://santafe.local/corporate-relocation/resources/news/client-announcement-a-further-update-on-the-impact-of-covid-19-in-china/,http://sithc.chinaport-sh.com.cn/sithcnewscenter/announcement/202002/t20200224_81422.html,here"
"404,https://santafe.local/corporate-relocation/resources/news/immigration-update-singapore-covid-19-measures-by-the-ministry-of-manpower/,https://www.moh.gov.sg/2019-ncov-wuhan,Ministry of Health<COMMA> Singapore;��"
"404,https://santafe.local/corporate-relocation/resources/news/immigration-update-singapore-covid-19-measures-by-the-ministry-of-manpower/,https://www.mom.gov.sg/2019-ncov,Ministry of Manpower<COMMA> Singapore;�"
"404,https://santafe.local/corporate-relocation/resources/news/immigration-update-singapore-covid-19-measures-by-the-ministry-of-manpower/,https://santafe.local/knowledge-bank?page=1,here"
"503,https://santafe.local/corporate-relocation/resources/news/immigration-update-india-revised-guidelines-for-international-arrivals/,http://www.newdelhiairport.in/,www.newdelhiairport.in"
"404,https://santafe.local/corporate-relocation/resources/news/immigration-update-india-revised-guidelines-for-international-arrivals/,https://www.civilaviation.gov.in/about-air-transport-bubbles,Air Transport Bubbles Arrangement"
"404,https://santafe.local/corporate-relocation/resources/news/immigration-update-india-revised-guidelines-for-international-arrivals/,https://boi.gov.in/content/advisory-travel-and-visa-restrictions-related-covid-19-1,Advisory: Travel and visa restrictions related to COVID"
"404,https://santafe.local/corporate-relocation/resources/news/immigration-update-portugal-i-covid-19-portuguese-government-contingency-plan/,https://santafe.local/knowledge-bank?page=1,here"
"404,https://santafe.local/corporate-relocation/resources/news/immigration-update-south-africa-measures-to-combat-pandemic-covid-19/,https://santafe.local/mobility-insights/news-and-blog/?page=1,here"
"404,https://santafe.local/corporate-relocation/resources/news/immigration-update-kenya-measures-to-combat-pandemic-covid-19/,https://santafe.local/mobility-insights/news-and-blog/?page=1,here"
"404,https://santafe.local/corporate-relocation/resources/news/immigration-update-india-travel-and-visa-restrictions-related-to-covid-19/,https://boi.gov.in/content/advisory-travel-and-visa-restrictions-related-covid-19,https://boi.gov.in/content/advisory-travel-and-visa-res"
"404,https://santafe.local/corporate-relocation/resources/news/france-immigration-guide-in-the-context-of-covid-19/,https://santafe.local/knowledge-bank?page=1,here"
"bad host,https://santafe.local/corporate-relocation/resources/news/france-immigration-guide-in-the-context-of-covid-19/,https://reopen.europa.eu/fr/,https://reopen.europa.eu/fr/"
"404,https://santafe.local/corporate-relocation/resources/news/immigration-update-indonesia-additional-measures-in-relation-of-the-covid-19/,https://santafe.local/mobility-insights/news-and-blog/?page=1,"
"404,https://santafe.local/corporate-relocation/resources/news/immigration-update-portugal-air-traffic-measures-from-and-to-portugal/,https://travel.sef.pt/Forms/Default.aspx,form on the travel.sef.pt platform"
"404,https://santafe.local/corporate-relocation/resources/news/immigration-update-philippines-guidelines-on-enhanced-community-quarantine-over-the-entire-luzon/,https://santafe.local/mobility-insights/news-and-blog/?page=1,"
"404,https://santafe.local/corporate-relocation/resources/news/immigration-update-united-kingdom-immigration-impact-of-covid-19/,https://santafe.local/knowledge-bank?page=1,here"
"404,https://santafe.local/corporate-relocation/resources/news/immigration-update-singapore-additional-border-restrictions/,https://www.moh.gov.sg/2019-ncov-wuhan,Ministry of Health<COMMA> Singapore"
"404,https://santafe.local/corporate-relocation/resources/news/immigration-update-singapore-additional-border-restrictions/,https://www.mom.gov.sg/2019-ncov,Ministry of Manpower<COMMA> Singapore"
"404,https://santafe.local/corporate-relocation/resources/news/immigration-update-singapore-additional-border-restrictions/,https://santafe.local/knowledge-bank?page=1,here"
"404,https://santafe.local/corporate-relocation/resources/news/immigration-update-india-travel-restrictions-related-to-covid-19/,https://santafe.local/knowledge-bank?page=1,here"
"404,https://santafe.local/corporate-relocation/resources/news/immigration-update-india-travel-restrictions-related-to-covid-19/,https://boi.gov.in/content/advisory-travel-and-visa-restrictions-related-covid-19-0,https://boi.gov.in/content/advisory-travel-and-visa-res"
"404,https://santafe.local/corporate-relocation/resources/news/immigration-update-italy-condizioni-di-viaggio-regolate-dal-dpcm/,https://santafe.local/knowledge-bank?page=1,qui"
"404,https://santafe.local/corporate-relocation/resources/news/immigration-update-singapore-vaccinated-travel-pass-vtp-application/,https://extranet.who.int/pqweb/vaccines/covid-19-vaccines,WHO EUL vaccines"
"404,https://santafe.local/corporate-relocation/resources/news/immigration-update-singapore-vaccinated-travel-pass-vtp-application/,https://www.moh.gov.sg/covid-19/statistics/accreditation-bodies-for-covid-19-testing,MOH <PIPE> Accreditation Bodies for COVID-19 Testing"
"404,https://santafe.local/corporate-relocation/resources/news/immigration-update-indonesia-covid-19-additional-measures/,https://santafe.local/mobility-insights/news-and-blog/?page=1,"
"404,https://santafe.local/corporate-relocation/resources/news/immigration-update-south-africa-temporary-immigration-concessions-and-travel-bans/,https://santafe.local/mobility-insights/news-and-blog/?page=1,here�"
"404,https://santafe.local/corporate-relocation/resources/news/immigration-update-united-states-of-america-i-travel-bans-due-to-covid-19/,https://santafe.local/knowledge-bank?page=1,here."
"404,https://santafe.local/corporate-relocation/resources/news/immigration-update-philippines-i-updates-on-visa-processing-during-the-enhanced-community-quarantine/,https://santafe.local/knowledge-bank?page=1,here."
"404,https://santafe.local/corporate-relocation/resources/news/immigration-update-myanmar-i-precautionary-restrictions-for-travellers-to-myanmar/,https://santafe.local/knowledge-bank?page=1,here."
"404,https://santafe.local/corporate-relocation/resources/news/immigration-update-additional-precautionary-restrictions-to-myanmar/,https://santafe.local/knowledge-bank?page=1,."
"404,https://santafe.local/corporate-relocation/resources/news/immigration-update-singapore-latest-restrictions-with-immediate-effect/,https://www.moh.gov.sg/2019-ncov-wuhan,Ministry of Health<COMMA> Singapore"
"404,https://santafe.local/corporate-relocation/resources/news/immigration-update-singapore-latest-restrictions-with-immediate-effect/,https://www.mom.gov.sg/2019-ncov,Ministry of Manpower<COMMA> Singapore"
"404,https://santafe.local/corporate-relocation/resources/news/immigration-update-india-additional-travel-advisory-due-to-covid-19/,https://boi.gov.in/content/advisory-travel-and-visa-restrictions-related-covid-19-0,https://www.boi.gov.in/content/advisory-travel-and-visa"
"404,https://santafe.local/corporate-relocation/resources/news/immigration-update-united-kingdom-i-uk-immigration-impact-of-covid-19-update/,https://santafe.local/knowledge-bank?page=1,here"
"404,https://santafe.local/corporate-relocation/resources/news/immigration-update-singapore-additional-border-restrictions-due-to-covid-19/,https://www.moh.gov.sg/2019-ncov-wuhan,Ministry of Health<COMMA> Singapore"
"404,https://santafe.local/corporate-relocation/resources/news/immigration-update-singapore-additional-border-restrictions-due-to-covid-19/,https://www.mom.gov.sg/2019-ncov,Ministry of Manpower<COMMA> Singapore"
"404,https://santafe.local/corporate-relocation/resources/news/santa-fe-relocation-plant-a-tree-scheme-with-eforests/,https://www.eforests.co.uk/default.asp,EFORESTS"
"404,https://santafe.local/corporate-relocation/resources/news/santa-fe-relocation-plant-a-tree-scheme-with-eforests/,https://www.eforests.co.uk/default.asp,IMAGE"
"404,https://santafe.local/corporate-relocation/resources/news/immigration-update-portugal-inbound-and-outbound-air-traffic-measures/,https://travel.sef.pt/Forms/Default.aspx,form on the travel.sef.pt platform"
"404,https://santafe.local/corporate-relocation/resources/news/immigration-update-indonesia-travel-restriction-for-foreign-travellers/,https://santafe.local/knowledge-bank?page=1,."
"404,https://santafe.local/corporate-relocation/resources/news/immigration-update-portugal-extra-control-and-containment-measures-against-covid-19/,https://santafe.local/knowledge-bank?page=1,here."
"404,https://santafe.local/corporate-relocation/resources/news/immigration-update-spain-i-covid-19-the-newest-restrictions-to-enter-the-european-union-or-schengen-area/,https://santafe.local/knowledge-bank?page=1,here"
"404,https://santafe.local/corporate-relocation/resources/news/immigration-update-myanmar-temporary-suspension-of-all-type-of-visas/,https://santafe.local/knowledge-bank?page=1,."
"404,https://santafe.local/corporate-relocation/resources/news/immigration-update-united-kingdom-i-covid-19-impact-on-uk-immigration-general-update/,https://santafe.local/knowledge-bank?page=1,here."
"404,https://santafe.local/corporate-relocation/resources/news/immigration-update-italy-i-covid-19-update-validity-of-documents/,https://santafe.local/knowledge-bank?page=1,here."
"404,https://santafe.local/corporate-relocation/resources/news/immigration-update-italy-proroga-restrizioni-di-viaggio-dallindia-bagladesh-e-sri-lanka/,https://santafe.local/knowledge-bank?page=1,qui"
"404,https://santafe.local/corporate-relocation/resources/news/immigration-update-the-netherlands-no-flight-ban-on-passenger-flights-from-south-africa-central-and-south-america/,https://www.government.nl/topics/coronavirus-covid-19/visiting-the-netherlands-from-abroad/mandatory-negative-test-results-and-declaration,https://www.government.nl/topics/coronavirus-covid-19/v"
"404,https://santafe.local/corporate-relocation/resources/news/immigration-update-the-netherlands-no-flight-ban-on-passenger-flights-from-south-africa-central-and-south-america/,https://www.rijksoverheid.nl/documentpublicaties/2021/05/20/quarantaineverklaring,https://www.rijksoverheid.nl/documentpublicaties/202"
"404,https://santafe.local/corporate-relocation/resources/news/immigration-update-the-netherlands-no-flight-ban-on-passenger-flights-from-south-africa-central-and-south-america/,https://www.government.nl/topics/coronavirus-covid-19/visiting-the-netherlands-from-abroad/exemptions-to-the-entry-ban,xemption categories for the travel ban"
"404,https://santafe.local/corporate-relocation/resources/news/immigration-update-france-i-measures-and-restrictions-due-to-covid-19-when-travelling/,https://santafe.local/knowledge-bank?page=1,here."
"404,https://santafe.local/corporate-relocation/resources/news/immigration-update-philippines-i-waiver-on-fines-and-penalties-for-foreign-nationals-whose-tourist-visas-have-expired/,https://santafe.local/knowledge-bank?page=1,here"
"404,https://santafe.local/corporate-relocation/resources/news/immigration-update-malaysia-i-compliance-to-movement-control-order-requirement/,https://santafe.local/knowledge-bank?page=1,here"
"404,https://santafe.local/corporate-relocation/resources/news/immigration-update-philippines-i-waiver-of-visa-implementation-for-departing-passengers-during-the-enhanced-community-quarantine/,https://santafe.local/knowledge-bank?page=1,here"
"404,https://santafe.local/corporate-relocation/resources/news/immigration-update-philippines-i-ecc-and-acr-i-card-waiver/,https://santafe.local/knowledge-bank?page=1,here"
"bad host,https://santafe.local/corporate-relocation/resources/news/immigration-update-germany-coronavirus-entry-regulations-in-new-ordinance/,https://www.einreiseanmeldung.de/,Digital Registration on Entry"
"404,https://santafe.local/corporate-relocation/resources/news/immigration-update-italy-restrizioni-di-viaggio-dallindia-bangladesh-e-sri-lanka/,https://santafe.local/knowledge-bank?page=1,qui"
"404,https://santafe.local/corporate-relocation/resources/news/immigration-update-netherlands-i-extension-of-the-intelligent-lockdown/,https://santafe.local/knowledge-bank?page=1,here."
"404,https://santafe.local/corporate-relocation/resources/news/immigration-update-singapore-changes-in-work-pass-services-during-circuit-breaker/,https://www.moh.gov.sg/2019-ncov-wuhan,Ministry of Health<COMMA> Singapore"
"404,https://santafe.local/corporate-relocation/resources/news/immigration-update-singapore-changes-in-work-pass-services-during-circuit-breaker/,https://www.mom.gov.sg/2019-ncov,Ministry of Manpower<COMMA> Singapore"
"404,https://santafe.local/corporate-relocation/resources/news/immigration-update-portugal-impact-of-covid-19-on-immigration/,https://santafe.local/knowledge-bank?page=1,here."
"404,https://santafe.local/corporate-relocation/resources/news/immigration-update-united-kingdom-i-covid-19-impact-on-uk-immigration/,https://santafe.local/knowledge-bank?page=1,here"
"404,https://santafe.local/corporate-relocation/resources/news/immigration-update-netherlands-i-intelligent-lockdown-and-travel-ban/,https://santafe.local/knowledge-bank?page=1,here."
"404,https://santafe.local/corporate-relocation/resources/news/immigration-update-belgium-i-lockdown-extended/,https://santafe.local/knowledge-bank?page=1,here."
"404,https://santafe.local/corporate-relocation/resources/news/immigration-update-temporary-measures-amid-the-south-african-lockdown/,https://santafe.local/mobility-insights/news-and-blog/?page=1,here"
"404,https://santafe.local/corporate-relocation/resources/news/immigration-update-france-i-lock-down-exetended/,https://santafe.local/knowledge-bank?page=1,here."
"404,https://santafe.local/corporate-relocation/resources/news/immigration-update-india-i-lock-down-extended/,https://santafe.local/knowledge-bank?page=1,here."
"404,https://santafe.local/corporate-relocation/resources/news/immigration-update-italy-estensione-validita-dei-documenti/,https://santafe.local/knowledge-bank?page=1,qui"
"404,https://santafe.local/corporate-relocation/resources/news/immigration-update-italy-extended-validity-of-documents/,https://santafe.local/knowledge-bank?page=1,here"
"404,https://santafe.local/corporate-relocation/resources/news/immigration-update-germany-inbound-travel-ban-now-includes-india/,https://www.auswaertiges-amt.de/einreiseundaufenthalt/coronavirus,Entry restriction and Quarantine information"
"404,https://santafe.local/corporate-relocation/resources/news/immigration-update-india-i-lockdown-extended/,https://santafe.local/knowledge-bank?page=1,here"
"404,https://santafe.local/corporate-relocation/resources/news/immigration-update-belgium-i-lockdown-exit-strategy/,https://santafe.local/knowledge-bank?page=1,here."
"404,https://santafe.local/corporate-relocation/resources/news/immigration-update-singapore-changes-in-work-pass-services/,https://www.moh.gov.sg/2019-ncov-wuhan,Ministry of Health<COMMA> Singapore"
"404,https://santafe.local/corporate-relocation/resources/news/immigration-update-singapore-changes-in-work-pass-services/,https://www.mom.gov.sg/2019-ncov,Ministry of Manpower<COMMA> Singapore"
"404,https://santafe.local/corporate-relocation/resources/news/immigration-update-portugal-i-general-update-on-the-impact-of-covid-19-on-immigration/,https://santafe.local/knowledge-bank?page=1,here."
"404,https://santafe.local/corporate-relocation/resources/news/immigration-update-myanmar-extension-of-precautionary-restriction-measures/,https://santafe.local/knowledge-bank?page=1,."
"404,https://santafe.local/corporate-relocation/resources/news/immigration-update-italy-aggiornamento-sulle-restrizioni-di-viaggio/,https://santafe.local/knowledge-bank?page=1,qui"
"404,https://santafe.local/corporate-relocation/resources/news/immigration-update-italy-estensione-del-dpcm-in-vigore/,https://santafe.local/knowledge-bank?page=1,qui"
"404,https://santafe.local/corporate-relocation/resources/news/immigration-update-spain-covid-19-internal-borders-extension-of-the-controls/,https://santafe.local/knowledge-bank?page=1,here"
"404,https://santafe.local/corporate-relocation/resources/news/immigration-update-italy-covid-19-update-travel-restrictions/,https://santafe.local/knowledge-bank?page=1,here"
"bad host,https://santafe.local/corporate-relocation/resources/news/immigration-update-indonesia-visa-and-stay-permit-regulations-during-adaption-period/,https://visa.imigration.go.id/,https://visa.imigration.go.id/"
"404,https://santafe.local/corporate-relocation/resources/news/immigration-update-myanmar-extension-of-restriction-measures/,https://santafe.local/knowledge-bank?page=1,."
"bad host,https://santafe.local/corporate-relocation/resources/news/france-guide-immigration-en-periode-de-covid-19/,https://reopen.europa.eu/fr/,https://reopen.europa.eu/fr/"
"bad host,https://santafe.local/corporate-relocation/resources/news/france-immigration-guide-in-the-covid-19-context/,https://reopen.europa.eu/fr/,https://reopen.europa.eu/fr/"
"404,https://santafe.local/corporate-relocation/resources/news/immigration-update-germany-germany-imposes-a-travel-ban/,https://www.auswaertiges-amt.de/einreiseundaufenthalt/coronavirus,Entry restriction and Quarantine information"
"404,https://santafe.local/corporate-relocation/resources/news/immigration-update-myanmar-restriction-measures-till-30-june/,https://santafe.local/knowledge-bank?page=1,."
"404,https://santafe.local/corporate-relocation/resources/news/immigration-update-myanmar-extension-of-restriction-measures-2/,https://santafe.local/knowledge-bank?page=1,."
"404,https://santafe.local/corporate-relocation/resources/news/immigration-update-uk-covid-19-impact-on-uk-immigration/,https://santafe.local/knowledge-bank?page=1,here"
"404,https://santafe.local/corporate-relocation/resources/news/immigration-update-malaysia-myfuturejobs-requirement-for-employment-of-foreign-nationals-by-mdec/,http://jtksm.mohr.gov.my/ms/akta-borang,http://jtksm.mohr.gov.my/ms/akta-borang"
"404,https://santafe.local/corporate-relocation/resources/news/immigration-update-malaysia-myfuturejobs-requirement-for-employment-of-foreign-nationals-by-mdec/,http://jtksm.mohr.gov.my/ms/hubungi-kami/alamat/negeri,http://jtksm.mohr.gov.my/ms/hubungi-kami/alamat/negeri"
"404,https://santafe.local/corporate-relocation/resources/news/immigration-update-germany-updates-on-travel-restrictions/,https://www.auswaertiges-amt.de/einreiseundaufenthalt/coronavirus,Quarantine information"
"bad host,https://santafe.local/corporate-relocation/resources/news/immigration-update-czech-republic-new-regulations-to-restrict-movement-of-people/,https://reopen.europa.eu/map/CZE/5001,Re-open EU (europa.eu)"
"404,https://santafe.local/corporate-relocation/resources/news/immigration-update-france-steps-to-reopening-schenghen-and-eu-borders/,https://santafe.local/knowledge-bank?page=1,."
"404,https://santafe.local/corporate-relocation/resources/news/immigration-update-myanmar-extend-restriction-measures-until-31-july/,https://santafe.local/knowledge-bank?page=1,."
"404,https://santafe.local/corporate-relocation/resources/news/immigration-update-portugal-gradual-processing-of-national-visa-applications/,https://santafe.local/knowledge-bank?page=1,."
"404,https://santafe.local/corporate-relocation/resources/news/immigration-update-philippines-travel-ban-exemption-for-foreign-nationals/,https://santafe.local/knowledge-bank?page=1,."
"404,https://santafe.local/corporate-relocation/resources/news/immigration-update-notice-for-people-travelling-in-and-out-of-singapore/,https://www.mom.gov.sg/2019-ncov,Ministry of Manpower<COMMA> Singapore"
"404,https://santafe.local/corporate-relocation/resources/news/immigration-update-germany-new-travel-restrictions-until-17th-of-february/,https://www.auswaertiges-amt.de/einreiseundaufenthalt/coronavirus,Quarantine information"
"404,https://santafe.local/corporate-relocation/resources/news/immigration-update-singapore-moms-entry-approval-and-work-pass-issuances/,https://www.mom.gov.sg/covid-19,Ministry of Manpower<COMMA> Singapore"
"404,https://santafe.local/corporate-relocation/resources/news/immigration-update-myanmar-extend-restriction-measures-until-31-aug/,https://santafe.local/knowledge-bank?page=1,."
"404,https://santafe.local/corporate-relocation/resources/news/immigration-update-japan-more-immigration-restrictions/,https://www.mofa.go.jp/ca/fna/page4e_001074.html,https://www.mofa.go.jp/ca/fna/page4e_001074.html"
"404,https://santafe.local/corporate-relocation/resources/news/immigration-update-france-mandatory-covid-19-tests/,https://santafe.local/knowledge-bank?page=1,."
"404,https://santafe.local/corporate-relocation/resources/news/immigration-update-philippines-entry-of-foreign-nationals-starting-1-august/,https://santafe.local/knowledge-bank?page=1,."
"404,https://santafe.local/corporate-relocation/resources/news/virtual-event-join-us-for-a-bingo-event-on-zoom-17th-september/,https://www.expat-academy.com/expat-academy-90-day-challenge/,90 Day Challenge"
"404,https://santafe.local/corporate-relocation/resources/news/santa-fe-relocation-amsterdam-fidi-faim-dsp-certified/,https://www.fidi.org/about-fidi/fidi-services/FAIM,FIDI Accredited International Mover"
"bad host,https://santafe.local/corporate-relocation/resources/news/immigration-update-czech-republic-new-general-measures-against-covid-19/,https://reopen.europa.eu/map/CZE/5001,Re-open EU (europa.eu"
"404,https://santafe.local/corporate-relocation/resources/news/hong-kong-new-process-of-work-visa-renewal/,https://santafe.local/corporate-relocation/resources/news/hong-kong-new-process-of-work-visa-renewal/jsaon.li@santaferelo.com,Jason Li"
"520,https://santafe.local/corporate-relocation/resources/news/event-south-africa-road-safety-training-hijacking-management/,https://sceneassist.co.za/product/road_safety_course/,BOOK HERE"
"404,https://santafe.local/corporate-relocation/resources/news/what-to-prepare-when-thailand-reopens-its-doors/,https://santafe.local/corporate-relocation/relocation-and-destination-services/,Destination services"
"404,https://santafe.local/corporate-relocation/resources/news/immigration-update-italy-restrizioni-di-viaggio-e-divieto-di-viaggio-dal-regno-unito/,https://santafe.local/knowledge-bank?page=1,qui"
"404,https://santafe.local/corporate-relocation/resources/news/south-africa-immigration-2021-outlook-faq-series-part-4-of-4/,https://santafe.local/mobility-insights/news-and-blog/?page=1,here"
"404,https://santafe.local/corporate-relocation/resources/news/immigration-update-italy-ultimi-aggiornamenti-sulle-restrizioni-di-viaggio-2/,https://santafe.local/knowledge-bank?page=1,qui"
"404,https://santafe.local/corporate-relocation/resources/news/south-africa-immigration-2021-outlook-faq-series-part-3-of-4/,https://santafe.local/mobility-insights/news-and-blog/?page=1,here"
"404,https://santafe.local/corporate-relocation/resources/news/south-africa-immigration-2021-outlook-faq-series-part-2-of-4/,https://santafe.local/mobility-insights/news-and-blog/?page=1,here"
"404,https://santafe.local/corporate-relocation/resources/news/immigration-update-myanmar-extended-restriction-measures-until-31-oct/,https://santafe.local/knowledge-bank?page=1,."
"404,https://santafe.local/corporate-relocation/resources/news/immigration-update-italy-ultimi-aggiornamenti-sulle-restrizioni-di-viaggio/,https://santafe.local/knowledge-bank?page=1,qui"
"404,https://santafe.local/corporate-relocation/resources/news/south-africa-immigration-2021-outlook-faq-series-part-1-of-4/,https://santafe.local/mobility-insights/news-and-blog/?page=1,here"
"timeout,https://santafe.local/corporate-relocation/resources/news/philippines-annual-reporting-on-immigration-for-all-foreign-nationals-in-2021/,http://e-services.immigration.gov.ph/,http://e-services.immigration.gov.ph"
"404,https://santafe.local/corporate-relocation/resources/news/immigration-update-italy-aggiornamenti-sulle-restrizioni-di-viaggio/,https://santafe.local/knowledge-bank?page=1,qui"
"404,https://santafe.local/corporate-relocation/resources/news/page/44/,https://santafe.local/corporate-relocation/resources/news/santa-fe-immigration-october-hot-topics-brexit-platform-to-open-on-1st-of-october/,Santa Fe Immigration <PIPE> October Hot Topics: _____Brexit"
"404,https://santafe.local/corporate-relocation/resources/news/immigration-update-covid-19-travel-advisory-for-the-kingdom-of-eswatini/,https://santafe.local/mobility-insights/news-and-blog/?page=1,here"
"404,https://santafe.local/corporate-relocation/resources/news/immigration-update-re-opening-of-south-african-borders-and-ports-of-entry/,https://santafe.local/mobility-insights/news-and-blog/?page=1,here"
"404,https://santafe.local/corporate-relocation/resources/news/immigration-update-uk-current-update-on-travel-from-denmark-to-uk/,https://santafe.local/knowledge-bank?page=1,here"
"404,https://santafe.local/corporate-relocation/resources/news/immigration-update-india-extension-of-the-precautionary-restriction-measures/,https://boi.gov.in/content/advisory-travel-and-visa-restrictions-related-covid-19-1,https://boi.gov.in/content/advisory-travel-and-visa-res"
"404,https://santafe.local/corporate-relocation/resources/news/immigration-update-india-extension-of-the-precautionary-restriction-measures/,https://www.civilaviation.gov.in/about-air-transport-bubbles,https://www.civilaviation.gov.in/about-air-transport"
"404,https://santafe.local/corporate-relocation/resources/news/immigration-update-italy-restrizioni-di-viaggio-sul-suolo-italiano/,https://santafe.local/knowledge-bank?page=1,qui"
"404,https://santafe.local/corporate-relocation/resources/news/immigration-update-myanmar-extended-restriction-measures-until-30-nov-2020/,https://santafe.local/knowledge-bank?page=1,."
"404,https://santafe.local/corporate-relocation/resources/news/immigration-update-uk-new-national-restrictions-from-05-november-2020/,https://santafe.local/knowledge-bank?page=1,here"
"404,https://santafe.local/corporate-relocation/resources/news/immigration-update-south-africa-intra-company-transfer-work-visa/,https://santafe.local/mobility-insights/news-and-blog/?page=1,here"
"404,https://santafe.local/corporate-relocation/resources/news/immigration-update-italy-aggiornamenti-sulle-restrizioni-di-viaggio-2/,https://santafe.local/knowledge-bank?page=1,qui"
"timeout,https://santafe.local/corporate-relocation/resources/news/immigration-update-malaysia-entry-procedures-of-foreign-knowledge-workers/,https://myentry.myxpats.com.my/app/,https://myentry.myxpats.com.my/app/"
"404,https://santafe.local/corporate-relocation/resources/news/immigration-update-czech-republic-latest-regulations-on-covid-19/,https://www.mzv.cz/jnp/information_for_aliens/news/before_you_travel_step_by_step_guide_on.html,https://www.mzv.cz/jnp/information_for_aliens/news/b"
"bad host,https://santafe.local/corporate-relocation/resources/news/immigration-update-germany-new-quarantine-and-entry-registration-regulations/,http://www.einreiseanmeldung.de/,www.einreiseanmeldung.de"
"404,https://santafe.local/corporate-relocation/resources/news/immigration-update-uk-latest-regulations-and-travel-restrictions-announcements/,https://santafe.local/knowledge-bank?page=1,here"
"bad host,https://santafe.local/corporate-relocation/resources/news/immigration-update-malaysia-new-requirement-for-fkw-positions/,https://www.jobsmalaysia.gov.my/jobsmy,https://www.jobsmalaysia.gov.my/jobsmy"